,year,icpsr_state_code,alphanumeric_state_code,state,votes,eligible_voters
1,2016,0,0,United States,138846571,230931921
2,2016,41,1,Alabama,2134061,3609447
3,2016,81,2,Alaska,321271,522679
4,2016,61,3,Arizona,2661497,4740310
5,2016,42,4,Arkansas,1137772,2140097
6,2016,71,5,California,14610509,25104844
7,2016,62,6,Colorado,2859216,3974405
8,2016,1,7,Connecticut,1675955,2582761
9,2016,11,8,Delaware,445228,691720
10,2016,55,9,District of Columbia,312575,515248
11,2016,43,10,Florida,9580489,14601066
12,2016,44,11,Georgia,4165405,6959963
13,2016,82,12,Hawaii,437664,1012860
14,2016,63,13,Idaho,710545,1166706
15,2016,21,14,Illinois,5666118,8985443
16,2016,22,15,Indiana,2807676,4849937
17,2016,31,16,Iowa,1581371,2288536
18,2016,32,17,Kansas,1225667,2054025
19,2016,51,18,Kentucky,1955195,3282420
20,2016,45,19,Louisiana,2049531,3384435
21,2016,2,20,Maine,771892,1058372
22,2016,52,21,Maryland,2807322,4189616
23,2016,3,22,Massachusetts,3378801,4948028
24,2016,23,23,Michigan,4874619,7420628
25,2016,33,24,Minnesota,2968281,3973204
26,2016,46,25,Mississippi,1209357,2191241
27,2016,34,26,Missouri,2811549,4517925
28,2016,64,27,Montana,516901,804250
29,2016,35,28,Nebraska,860573,1343821
30,2016,65,29,Nevada,1125429,1961587
31,2016,4,30,New Hampshire,755850,1042795
32,2016,12,31,New Jersey,3957303,6013656
33,2016,66,32,New Mexico,804043,1464515
34,2016,13,33,New York,7786881,13604645
35,2016,47,34,North Carolina,4769640,7352501
36,2016,36,35,North Dakota,349945,566783
37,2016,24,36,Ohio,5607641,8736808
38,2016,53,37,Oklahoma,1452992,2778219
39,2016,72,38,Oregon,2056310,3024174
40,2016,14,39,Pennsylvania,6165478,9691160
41,2016,5,40,Rhode Island,469589,786012
42,2016,48,41,South Carolina,2123584,3709283
43,2016,37,42,South Dakota,378995,631173
44,2016,54,43,Tennessee,2545271,4909426
45,2016,49,44,Texas,8975000,17448910
46,2016,67,45,Utah,1152369,1991885
47,2016,6,46,Vermont,320467,506048
48,2016,40,47,Virginia,3984631,6027152
49,2016,73,48,Washington,3363440,5123020
50,2016,56,49,West Virginia,714423,1423031
51,2016,25,50,Wisconsin,2976150,4285071
52,2016,68,51,Wyoming,258788,429682
53,2014,0,0,United States,83262122,227157964
54,2014,41,1,Alabama,1191274,3588783
55,2014,81,2,Alaska,285431,520562
56,2014,61,3,Arizona,1537671,4510186
57,2014,42,4,Arkansas,852642,2117881
58,2014,71,5,California,7513972,24440416
59,2014,62,6,Colorado,2080071,3800664
60,2014,1,7,Connecticut,1096556,2577311
61,2014,11,8,Delaware,238110,681526
62,2014,55,9,District of Columbia,177176,495899
63,2014,43,10,Florida,6026802,13914216
64,2014,44,11,Georgia,2596947,6725041
65,2014,82,12,Hawaii,369554,1012123
66,2014,63,13,Idaho,445307,1119882
67,2014,21,14,Illinois,3680417,9028752
68,2014,22,15,Indiana,1387622,4829510
69,2014,31,16,Iowa,1142284,2269179
70,2014,32,17,Kansas,887023,2048164
71,2014,51,18,Kentucky,1459409,3247300
72,2014,45,19,Louisiana,1503975,3349433
73,2014,2,20,Maine,616996,1051557
74,2014,52,21,Maryland,1745104,4154546
75,2014,3,22,Massachusetts,2186789,4896296
76,2014,23,23,Michigan,3188956,7383958
77,2014,33,24,Minnesota,1992613,3935121
78,2014,46,25,Mississippi,NA,2181131
79,2014,34,26,Missouri,1509025,4493722
80,2014,64,27,Montana,373831,787748
81,2014,35,28,Nebraska,552115,1334453
82,2014,65,29,Nevada,552546,1867644
83,2014,4,30,New Hampshire,495565,1025862
84,2014,12,31,New Jersey,1955042,6014127
85,2014,66,32,New Mexico,NA,1449503
86,2014,13,33,New York,3930310,13553426
87,2014,47,34,North Carolina,2939767,7143737
88,2014,36,35,North Dakota,255128,567221
89,2014,24,36,Ohio,3149876,8701243
90,2014,53,37,Oklahoma,825607,2755091
91,2014,72,38,Oregon,1541782,2887517
92,2014,14,39,Pennsylvania,3535576,9689491
93,2014,5,40,Rhode Island,329212,776286
94,2014,48,41,South Carolina,1261611,3584461
95,2014,37,42,South Dakota,282291,630989
96,2014,54,43,Tennessee,1430117,4799476
97,2014,49,44,Texas,NA,16675420
98,2014,67,45,Utah,577973,1905801
99,2014,6,46,Vermont,202445,495884
100,2014,40,47,Virginia,2194346,5962456
101,2014,73,48,Washington,2123901,4928407
102,2014,56,49,West Virginia,462864,1447652
103,2014,25,50,Wisconsin,2422248,4260427
104,2014,68,51,Wyoming,171153,431434
105,2012,0,0,United States,130292355,222474111
106,2012,41,1,Alabama,NA,3539217
107,2012,81,2,Alaska,301694,511792
108,2012,61,3,Arizona,2323579,4387900
109,2012,42,4,Arkansas,1078548,2109847
110,2012,71,5,California,13202158,23681837
111,2012,62,6,Colorado,2596173,3675871
112,2012,1,7,Connecticut,1560640,2543202
113,2012,11,8,Delaware,NA,663967
114,2012,55,9,District of Columbia,294254,477582
115,2012,43,10,Florida,8538264,13495057
116,2012,44,11,Georgia,3919355,6606607
117,2012,82,12,Hawaii,437159,982902
118,2012,63,13,Idaho,666290,1091410
119,2012,21,14,Illinois,5279752,8899143
120,2012,22,15,Indiana,2663368,4755291
121,2012,31,16,Iowa,1589951,2251748
122,2012,32,17,Kansas,1182771,2030686
123,2012,51,18,Kentucky,1815843,3229185
124,2012,45,19,Louisiana,2014548,3311626
125,2012,2,20,Maine,724758,1046008
126,2012,52,21,Maryland,2734062,4063582
127,2012,3,22,Massachusetts,3184196,4809675
128,2012,23,23,Michigan,4780701,7312725
129,2012,33,24,Minnesota,2950780,3861598
130,2012,46,25,Mississippi,NA,2166825
131,2012,34,26,Missouri,NA,4432957
132,2012,64,27,Montana,491966,774476
133,2012,35,28,Nebraska,804245,1316915
134,2012,65,29,Nevada,1016664,1800969
135,2012,4,30,New Hampshire,718700,1013420
136,2012,12,31,New Jersey,3683638,5918182
137,2012,66,32,New Mexico,786522,1436363
138,2012,13,33,New York,7128852,13324107
139,2012,47,34,North Carolina,4542488,6947954
140,2012,36,35,North Dakota,325564,539164
141,2012,24,36,Ohio,5632423,8649495
142,2012,53,37,Oklahoma,NA,2713268
143,2012,72,38,Oregon,1820507,2836101
144,2012,14,39,Pennsylvania,NA,9651432
145,2012,5,40,Rhode Island,NA,768918
146,2012,48,41,South Carolina,1981516,3486838
147,2012,37,42,South Dakota,368270,613190
148,2012,54,43,Tennessee,2478870,4736084
149,2012,49,44,Texas,NA,16119973
150,2012,67,45,Utah,1028786,1833339
151,2012,6,46,Vermont,301793,493355
152,2012,40,47,Virginia,3888186,5834676
153,2012,73,48,Washington,3172939,4822060
154,2012,56,49,West Virginia,NA,1447066
155,2012,25,50,Wisconsin,NA,4209370
156,2012,68,51,Wyoming,250701,425142
157,2010,0,0,United States,90912015,217551109
158,2010,41,1,Alabama,1503232,3472582
159,2010,81,2,Alaska,261128,493764
160,2010,61,3,Arizona,1750840,4209544
161,2010,42,4,Arkansas,789773,2081156
162,2010,71,5,California,10529134,22946053
163,2010,62,6,Colorado,1828323,3533054
164,2010,1,7,Connecticut,1153872,2512981
165,2010,11,8,Delaware,316754,646969
166,2010,55,9,District of Columbia,135846,458619
167,2010,43,10,Florida,5473787,12961184
168,2010,44,11,Georgia,2623035,6464845
169,2010,82,12,Hawaii,386302,959531
170,2010,63,13,Idaho,459079,1069446
171,2010,21,14,Illinois,3792770,8798829
172,2010,22,15,Indiana,1791832,4697111
173,2010,31,16,Iowa,1133429,2234516
174,2010,32,17,Kansas,857658,2011497
175,2010,51,18,Kentucky,1417995,3198093
176,2010,45,19,Louisiana,1298649,3249524
177,2010,2,20,Maine,580584,1038201
178,2010,52,21,Maryland,1868179,4001034
179,2010,3,22,Massachusetts,2319963,4693670
180,2010,23,23,Michigan,3268217,7245281
181,2010,33,24,Minnesota,2123369,3802677
182,2010,46,25,Mississippi,NA,2129334
183,2010,34,26,Missouri,1997271,4366435
184,2010,64,27,Montana,367096,758653
185,2010,35,28,Nebraska,503514,1301483
186,2010,65,29,Nevada,723515,1747288
187,2010,4,30,New Hampshire,461423,999918
188,2010,12,31,New Jersey,2200974,5834037
189,2010,66,32,New Mexico,630013,1408872
190,2010,13,33,New York,4763899,13135048
191,2010,47,34,North Carolina,2700706,6785463
192,2010,36,35,North Dakota,241039,516974
193,2010,24,36,Ohio,3956028,8571952
194,2010,53,37,Oklahoma,1043507,2666767
195,2010,72,38,Oregon,1487210,2760607
196,2010,14,39,Pennsylvania,4055336,9565822
197,2010,5,40,Rhode Island,346357,763534
198,2010,48,41,South Carolina,1365480,3388417
199,2010,37,42,South Dakota,323410,599507
200,2010,54,43,Tennessee,1620619,4622919
201,2010,49,44,Texas,5066957,15514007
202,2010,67,45,Utah,653274,1772934
203,2010,6,46,Vermont,243617,488942
204,2010,40,47,Virginia,2214505,5660589
205,2010,73,48,Washington,2565589,4724350
206,2010,56,49,West Virginia,536493,1442003
207,2010,25,50,Wisconsin,2185021,4172130
208,2010,68,51,Wyoming,190822,414536
209,2008,0,0,United States,132609063,213313508
210,2008,41,1,Alabama,2105622,3454510
211,2008,81,2,Alaska,327341,479429
212,2008,61,3,Arizona,2320851,4046075
213,2008,42,4,Arkansas,1095958,2071563
214,2008,71,5,California,13743177,22261504
215,2008,62,6,Colorado,2422236,3382959
216,2008,1,7,Connecticut,NA,2471082
217,2008,11,8,Delaware,413562,628200
218,2008,55,9,District of Columbia,266871,432566
219,2008,43,10,Florida,8453743,12687407
220,2008,44,11,Georgia,3940705,6281872
221,2008,82,12,Hawaii,456064,930067
222,2008,63,13,Idaho,667506,1029416
223,2008,21,14,Illinois,5578195,8681138
224,2008,22,15,Indiana,2805986,4653019
225,2008,31,16,Iowa,1543662,2216094
226,2008,32,17,Kansas,1264208,1991759
227,2008,51,18,Kentucky,1858578,3152629
228,2008,45,19,Louisiana,1979852,3205794
229,2008,2,20,Maine,744456,1036242
230,2008,52,21,Maryland,2661905,3925117
231,2008,3,22,Massachusetts,3102995,4612550
232,2008,23,23,Michigan,5039080,7229512
233,2008,33,24,Minnesota,2921147,3740142
234,2008,46,25,Mississippi,NA,2113347
235,2008,34,26,Missouri,2950504,4327572
236,2008,64,27,Montana,497599,741853
237,2008,35,28,Nebraska,811923,1274719
238,2008,65,29,Nevada,970019,1696831
239,2008,4,30,New Hampshire,719643,992226
240,2008,12,31,New Jersey,3910220,5776527
241,2008,66,32,New Mexico,833365,1362629
242,2008,13,33,New York,7721718,12948969
243,2008,47,34,North Carolina,4354571,6584302
244,2008,36,35,North Dakota,321133,504762
245,2008,24,36,Ohio,5773777,8513079
246,2008,53,37,Oklahoma,1474694,2619121
247,2008,72,38,Oregon,1845251,2700327
248,2008,14,39,Pennsylvania,6071357,9457942
249,2008,5,40,Rhode Island,475428,763608
250,2008,48,41,South Carolina,1927153,3311044
251,2008,37,42,South Dakota,387449,590720
252,2008,54,43,Tennessee,2618238,4563192
253,2008,49,44,Texas,NA,14929810
254,2008,67,45,Utah,971185,1700286
255,2008,6,46,Vermont,326822,482677
256,2008,40,47,Virginia,3753059,5555415
257,2008,73,48,Washington,3071587,4561163
258,2008,56,49,West Virginia,731691,1430439
259,2008,25,50,Wisconsin,2997086,4120694
260,2008,68,51,Wyoming,256035,405732
261,2006,0,0,United States,85769132,207643594
262,2006,41,1,Alabama,NA,3338467
263,2006,81,2,Alaska,238307,465169
264,2006,61,3,Arizona,1553032,3923786
265,2006,42,4,Arkansas,780409,2004193
266,2006,71,5,California,8899059,21582217
267,2006,62,6,Colorado,1586105,3297308
268,2006,1,7,Connecticut,1162391,2437559
269,2006,11,8,Delaware,258053,601341
270,2006,55,9,District of Columbia,122356,426612
271,2006,43,10,Florida,4884544,12187858
272,2006,44,11,Georgia,2143845,6115331
273,2006,82,12,Hawaii,348988,908925
274,2006,63,13,Idaho,458927,993010
275,2006,21,14,Illinois,3586292,8667453
276,2006,22,15,Indiana,1719351,4559294
277,2006,31,16,Iowa,1071509,2178322
278,2006,32,17,Kansas,864083,1948850
279,2006,51,18,Kentucky,1370062,3100828
280,2006,45,19,Louisiana,954896,3043573
281,2006,2,20,Maine,NA,1016287
282,2006,52,21,Maryland,1809237,3833349
283,2006,3,22,Massachusetts,2243835,4552794
284,2006,23,23,Michigan,3852008,7292624
285,2006,33,24,Minnesota,2217552,3667707
286,2006,46,25,Mississippi,NA,2077420
287,2006,34,26,Missouri,2178278,4253541
288,2006,64,27,Montana,411061,720447
289,2006,35,28,Nebraska,610499,1251027
290,2006,65,29,Nevada,586274,1579222
291,2006,4,30,New Hampshire,418550,975281
292,2006,12,31,New Jersey,2315643,5701033
293,2006,66,32,New Mexico,568597,1320285
294,2006,13,33,New York,4703830,12878632
295,2006,47,34,North Carolina,2036451,6264630
296,2006,36,35,North Dakota,220479,486142
297,2006,24,36,Ohio,4184072,8461211
298,2006,53,37,Oklahoma,NA,2547224
299,2006,72,38,Oregon,1399650,2628937
300,2006,14,39,Pennsylvania,NA,9283762
301,2006,5,40,Rhode Island,392882,754219
302,2006,48,41,South Carolina,1117311,3152046
303,2006,37,42,South Dakota,341105,580592
304,2006,54,43,Tennessee,1868363,4433921
305,2006,49,44,Texas,NA,14255313
306,2006,67,45,Utah,582561,1664323
307,2006,6,46,Vermont,263025,478247
308,2006,40,47,Virginia,2398589,5385522
309,2006,73,48,Washington,2085074,4403981
310,2006,56,49,West Virginia,473014,1401490
311,2006,25,50,Wisconsin,2183155,4064432
312,2006,68,51,Wyoming,196217,379127
313,2004,0,0,United States,123535883,203483455
314,2004,41,1,Alabama,1890317,3292608
315,2004,81,2,Alaska,314502,452124
316,2004,61,3,Arizona,2038069,3717055
317,2004,42,4,Arkansas,1070573,1969208
318,2004,71,5,California,12589367,21132533
319,2004,62,6,Colorado,2148036,3192647
320,2004,1,7,Connecticut,1607808,2429634
321,2004,11,8,Delaware,377407,584817
322,2004,55,9,District of Columbia,230105,419142
323,2004,43,10,Florida,7640319,11811921
324,2004,44,11,Georgia,3317336,5878186
325,2004,82,12,Hawaii,431662,889540
326,2004,63,13,Idaho,612786,946160
327,2004,21,14,Illinois,5350493,8576696
328,2004,22,15,Indiana,2512142,4504260
329,2004,31,16,Iowa,1521966,2156389
330,2004,32,17,Kansas,1213108,1928764
331,2004,51,18,Kentucky,1816867,3057741
332,2004,45,19,Louisiana,1956590,3182762
333,2004,2,20,Maine,751519,1003792
334,2004,52,21,Maryland,2395791,3797264
335,2004,3,22,Massachusetts,2927455,4533859
336,2004,23,23,Michigan,4875692,7263024
337,2004,33,24,Minnesota,2842912,3609185
338,2004,46,25,Mississippi,NA,2068766
339,2004,34,26,Missouri,2764635,4180960
340,2004,64,27,Montana,456096,699114
341,2004,35,28,Nebraska,792906,1236522
342,2004,65,29,Nevada,831563,1501437
343,2004,4,30,New Hampshire,683672,956422
344,2004,12,31,New Jersey,3638153,5663201
345,2004,66,32,New Mexico,775301,1282767
346,2004,13,33,New York,7448266,12738056
347,2004,47,34,North Carolina,3552449,6055771
348,2004,36,35,North Dakota,316049,482722
349,2004,24,36,Ohio,5722443,8427696
350,2004,53,37,Oklahoma,NA,2510823
351,2004,72,38,Oregon,1851671,2550887
352,2004,14,39,Pennsylvania,NA,9221962
353,2004,5,40,Rhode Island,440228,747046
354,2004,48,41,South Carolina,1626720,3055098
355,2004,37,42,South Dakota,394930,569161
356,2004,54,43,Tennessee,2456610,4328446
357,2004,49,44,Texas,NA,13796256
358,2004,67,45,Utah,942010,1574463
359,2004,6,46,Vermont,314220,470754
360,2004,40,47,Virginia,3223156,5277156
361,2004,73,48,Washington,2883499,4272914
362,2004,56,49,West Virginia,769645,1396545
363,2004,25,50,Wisconsin,3016288,4006948
364,2004,68,51,Wyoming,245789,370785
365,2002,0,0,United States,80295249,198381939
366,2002,41,1,Alabama,NA,3285643
367,2002,81,2,Alaska,232852,427337
368,2002,61,3,Arizona,1255615,3419481
369,2002,42,4,Arkansas,814176,1951568
370,2002,71,5,California,7738821,20733192
371,2002,62,6,Colorado,1424029,3056465
372,2002,1,7,Connecticut,1090756,2418037
373,2002,11,8,Delaware,NA,564938
374,2002,55,9,District of Columbia,NA,412062
375,2002,43,10,Florida,5143674,11194391
376,2002,44,11,Georgia,NA,5731983
377,2002,82,12,Hawaii,385462,872992
378,2002,63,13,Idaho,416533,921256
379,2002,21,14,Illinois,3651808,8540965
380,2002,22,15,Indiana,1562037,4494191
381,2002,31,16,Iowa,1040201,2136683
382,2002,32,17,Kansas,851966,1897261
383,2002,51,18,Kentucky,NA,3044267
384,2002,45,19,Louisiana,1267225,3163663
385,2002,2,20,Maine,NA,995056
386,2002,52,21,Maryland,1721626,3678346
387,2002,3,22,Massachusetts,2220301,4458820
388,2002,23,23,Michigan,3219864,7147888
389,2002,33,24,Minnesota,NA,3518184
390,2002,46,25,Mississippi,NA,2047426
391,2002,34,26,Missouri,NA,4116889
392,2002,64,27,Montana,340272,684572
393,2002,35,28,Nebraska,NA,1204512
394,2002,65,29,Nevada,512433,1391100
395,2002,4,30,New Hampshire,453078,930362
396,2002,12,31,New Jersey,2161105,5549726
397,2002,66,32,New Mexico,502230,1255086
398,2002,13,33,New York,4690968,12679865
399,2002,47,34,North Carolina,NA,5876705
400,2002,36,35,North Dakota,237224,476251
401,2002,24,36,Ohio,3356285,8322521
402,2002,53,37,Oklahoma,NA,2513143
403,2002,72,38,Oregon,1293756,2495739
404,2002,14,39,Pennsylvania,NA,9143001
405,2002,5,40,Rhode Island,337027,741776
406,2002,48,41,South Carolina,NA,2982810
407,2002,37,42,South Dakota,340407,556154
408,2002,54,43,Tennessee,NA,4151834
409,2002,49,44,Texas,4552059,13181016
410,2002,67,45,Utah,568290,1504529
411,2002,6,46,Vermont,232993,471403
412,2002,40,47,Virginia,1661915,5138270
413,2002,73,48,Washington,1808720,4162032
414,2002,56,49,West Virginia,440156,1398124
415,2002,25,50,Wisconsin,NA,3908088
416,2002,68,51,Wyoming,188028,370488
417,2000,0,0,United States,107390107,194331436
418,2000,41,1,Alabama,NA,3241682
419,2000,81,2,Alaska,287825,419111
420,2000,61,3,Arizona,1559520,3357701
421,2000,42,4,Arkansas,NA,1925961
422,2000,71,5,California,11142843,19685258
423,2000,62,6,Colorado,NA,3026316
424,2000,1,7,Connecticut,1474103,2357687
425,2000,11,8,Delaware,NA,554863
426,2000,55,9,District of Columbia,NA,416696
427,2000,43,10,Florida,6138765,10667193
428,2000,44,11,Georgia,2684951,5639668
429,2000,82,12,Hawaii,371113,832642
430,2000,63,13,Idaho,516647,877406
431,2000,21,14,Illinois,4932192,8432600
432,2000,22,15,Indiana,2246348,4424909
433,2000,31,16,Iowa,NA,2082950
434,2000,32,17,Kansas,1092716,1927950
435,2000,51,18,Kentucky,1568058,2955628
436,2000,45,19,Louisiana,1776133,3130267
437,2000,2,20,Maine,NA,969292
438,2000,52,21,Maryland,2036455,3649631
439,2000,3,22,Massachusetts,2736006,4517052
440,2000,23,23,Michigan,4279299,7070702
441,2000,33,24,Minnesota,2458303,3506432
442,2000,46,25,Mississippi,NA,2024650
443,2000,34,26,Missouri,NA,4052255
444,2000,64,27,Montana,417916,667525
445,2000,35,28,Nebraska,707223,1224178
446,2000,65,29,Nevada,613360,1346116
447,2000,4,30,New Hampshire,578656,890622
448,2000,12,31,New Jersey,3293378,5601788
449,2000,66,32,New Mexico,615607,1234088
450,2000,13,33,New York,6960215,12380208
451,2000,47,34,North Carolina,3015964,5744241
452,2000,36,35,North Dakota,292249,477968
453,2000,24,36,Ohio,4795989,8295592
454,2000,53,37,Oklahoma,NA,2475220
455,2000,72,38,Oregon,1559215,2364402
456,2000,14,39,Pennsylvania,NA,9086897
457,2000,5,40,Rhode Island,412074,753877
458,2000,48,41,South Carolina,1433533,2944326
459,2000,37,42,South Dakota,322159,548498
460,2000,54,43,Tennessee,2100241,4162996
461,2000,49,44,Texas,6407637,13033081
462,2000,67,45,Utah,784582,1431668
463,2000,6,46,Vermont,297146,459174
464,2000,40,47,Virginia,2789808,5069265
465,2000,73,48,Washington,2517028,4098044
466,2000,56,49,West Virginia,NA,1390365
467,2000,25,50,Wisconsin,NA,3842044
468,2000,68,51,Wyoming,221685,361078
469,1998,0,0,United States,74825832,190419570
470,1998,41,1,Alabama,NA,3202052
471,1998,81,2,Alaska,227156,408758
472,1998,61,3,Arizona,1037550,3232815
473,1998,42,4,Arkansas,NA,1882181
474,1998,71,5,California,8617649,19264556
475,1998,62,6,Colorado,NA,2879973
476,1998,1,7,Connecticut,1022453,2340956
477,1998,11,8,Delaware,NA,540896
478,1998,55,9,District of Columbia,137523,398318
479,1998,43,10,Florida,4070262,10590870
480,1998,44,11,Georgia,1842145,5326337
481,1998,82,12,Hawaii,412520,832172
482,1998,63,13,Idaho,386720,843914
483,1998,21,14,Illinois,3541379,8285614
484,1998,22,15,Indiana,1618689,4348730
485,1998,31,16,Iowa,973032,2112132
486,1998,32,17,Kansas,743288,1873438
487,1998,51,18,Kentucky,1215053,2930780
488,1998,45,19,Louisiana,990243,3097660
489,1998,2,20,Maine,NA,943577
490,1998,52,21,Maryland,1556994,3571087
491,1998,3,22,Massachusetts,1935277,4430939
492,1998,23,23,Michigan,3143432,7005306
493,1998,33,24,Minnesota,2105343,3378089
494,1998,46,25,Mississippi,NA,1995283
495,1998,34,26,Missouri,NA,3978146
496,1998,64,27,Montana,338733,653998
497,1998,35,28,Nebraska,581775,1197953
498,1998,65,29,Nevada,440042,1233386
499,1998,4,30,New Hampshire,330555,878508
500,1998,12,31,New Jersey,1894496,5505229
501,1998,66,32,New Mexico,517355,1199320
502,1998,13,33,New York,4989877,12263356
503,1998,47,34,North Carolina,NA,5624292
504,1998,36,35,North Dakota,217584,475629
505,1998,24,36,Ohio,3534782,8237516
506,1998,53,37,Oklahoma,NA,2415036
507,1998,72,38,Oregon,1160400,2370381
508,1998,14,39,Pennsylvania,NA,9075961
509,1998,5,40,Rhode Island,309835,723772
510,1998,48,41,South Carolina,1092430,2825173
511,1998,37,42,South Dakota,266355,534711
512,1998,54,43,Tennessee,1026017,4092745
513,1998,49,44,Texas,NA,12490423
514,1998,67,45,Utah,506553,1381989
515,1998,6,46,Vermont,224382,444772
516,1998,40,47,Virginia,NA,4900523
517,1998,73,48,Washington,1939421,3930400
518,1998,56,49,West Virginia,405139,1388176
519,1998,25,50,Wisconsin,NA,3801514
520,1998,68,51,Wyoming,178401,350136
521,1996,0,0,United States,96277634,186347044
522,1996,41,1,Alabama,NA,3144249
523,1996,81,2,Alaska,245212,404180
524,1996,61,3,Arizona,1431342,3079908
525,1996,42,4,Arkansas,NA,1844689
526,1996,71,5,California,10263490,18644593
527,1996,62,6,Colorado,NA,2770252
528,1996,1,7,Connecticut,1410746,2337160
529,1996,11,8,Delaware,277418,528630
530,1996,55,9,District of Columbia,189210,398839
531,1996,43,10,Florida,5444245,10219294
532,1996,44,11,Georgia,2374650,5181708
533,1996,82,12,Hawaii,370230,820055
534,1996,63,13,Idaho,508030,825329
535,1996,21,14,Illinois,4418270,8215662
536,1996,22,15,Indiana,2195224,4302745
537,1996,31,16,Iowa,1251983,2098332
538,1996,32,17,Kansas,1073520,1856507
539,1996,51,18,Kentucky,1419592,2880808
540,1996,45,19,Louisiana,1804640,3087693
541,1996,2,20,Maine,NA,929970
542,1996,52,21,Maryland,1793991,3530148
543,1996,3,22,Massachusetts,2600278,4385268
544,1996,23,23,Michigan,3912261,6954059
545,1996,33,24,Minnesota,2211161,3319509
546,1996,46,25,Mississippi,NA,1949309
547,1996,34,26,Missouri,NA,3919885
548,1996,64,27,Montana,417232,645052
549,1996,35,28,Nebraska,686749,1188034
550,1996,65,29,Nevada,467657,1134065
551,1996,4,30,New Hampshire,513700,855287
552,1996,12,31,New Jersey,3105110,5456334
553,1996,66,32,New Mexico,579763,1172262
554,1996,13,33,New York,6439129,12175850
555,1996,47,34,North Carolina,NA,5435970
556,1996,36,35,North Dakota,271850,475898
557,1996,24,36,Ohio,4638108,8185999
558,1996,53,37,Oklahoma,1218248,2368311
559,1996,72,38,Oregon,1399180,2309051
560,1996,14,39,Pennsylvania,NA,9063470
561,1996,5,40,Rhode Island,NA,717041
562,1996,48,41,South Carolina,1203486,2731064
563,1996,37,42,South Dakota,329316,529793
564,1996,54,43,Tennessee,NA,3984092
565,1996,49,44,Texas,NA,12072149
566,1996,67,45,Utah,691016,1326919
567,1996,6,46,Vermont,261469,435687
568,1996,40,47,Virginia,2468229,4811632
569,1996,73,48,Washington,2293895,3829308
570,1996,56,49,West Virginia,653331,1386621
571,1996,25,50,Wisconsin,NA,3763240
572,1996,68,51,Wyoming,215844,345112
573,1994,0,0,United States,88207077,182623348
574,1994,41,1,Alabama,NA,3095745
575,1994,81,2,Alaska,216668,399435
576,1994,61,3,Arizona,1153724,2892171
577,1994,42,4,Arkansas,NA,1801161
578,1994,71,5,California,8900593,18479124
579,1994,62,6,Colorado,1173130,2648684
580,1994,1,7,Connecticut,1163829,2335579
581,1994,11,8,Delaware,201560,512941
582,1994,55,9,District of Columbia,186316,411886
583,1994,43,10,Florida,4305340,9810247
584,1994,44,11,Georgia,NA,4978431
585,1994,82,12,Hawaii,377011,808904
586,1994,63,13,Idaho,419330,784076
587,1994,21,14,Illinois,3219122,8175312
588,1994,22,15,Indiana,1609481,4235008
589,1994,31,16,Iowa,1022372,2077709
590,1994,32,17,Kansas,836251,1837694
591,1994,51,18,Kentucky,827541,2829881
592,1994,45,19,Louisiana,893758,3038660
593,1994,2,20,Maine,NA,918204
594,1994,52,21,Maryland,1437450,3480270
595,1994,3,22,Massachusetts,2232186,4353287
596,1994,23,23,Michigan,3177740,6856388
597,1994,33,24,Minnesota,1794618,3253779
598,1994,46,25,Mississippi,621096,1903794
599,1994,34,26,Missouri,NA,3858946
600,1994,64,27,Montana,359455,622246
601,1994,35,28,Nebraska,593654,1164502
602,1994,65,29,Nevada,386582,1032456
603,1994,4,30,New Hampshire,319443,829590
604,1994,12,31,New Jersey,2131328,5392423
605,1994,66,32,New Mexico,485709,1128243
606,1994,13,33,New York,5325323,12192316
607,1994,47,34,North Carolina,NA,5244552
608,1994,36,35,North Dakota,240430,468989
609,1994,24,36,Ohio,3540954,8132122
610,1994,53,37,Oklahoma,1002363,2327519
611,1994,72,38,Oregon,1254265,2229242
612,1994,14,39,Pennsylvania,NA,9043585
613,1994,5,40,Rhode Island,NA,716002
614,1994,48,41,South Carolina,951901,2663830
615,1994,37,42,South Dakota,318090,518815
616,1994,54,43,Tennessee,NA,3850228
617,1994,49,44,Texas,NA,11719888
618,1994,67,45,Utah,532737,1248726
619,1994,6,46,Vermont,216715,426953
620,1994,40,47,Virginia,NA,4718968
621,1994,73,48,Washington,1733471,3715174
622,1994,56,49,West Virginia,439551,1379339
623,1994,25,50,Wisconsin,NA,3692668
624,1994,68,51,Wyoming,204025,337032
625,1992,0,0,United States,104426659,179655523
626,1992,41,1,Alabama,NA,3030549
627,1992,81,2,Alaska,261427,389898
628,1992,61,3,Arizona,1516276,2671933
629,1992,42,4,Arkansas,NA,1751083
630,1992,71,5,California,11374565,18460157
631,1992,62,6,Colorado,1597166,2494998
632,1992,1,7,Connecticut,1645609,2356937
633,1992,11,8,Delaware,290836,499266
634,1992,55,9,District of Columbia,231445,427102
635,1992,43,10,Florida,5438612,9506230
636,1992,44,11,Georgia,NA,4766958
637,1992,82,12,Hawaii,382882,795148
638,1992,63,13,Idaho,491725,734855
639,1992,21,14,Illinois,5164357,8113900
640,1992,22,15,Indiana,2347912,4162678
641,1992,31,16,Iowa,1360856,2057690
642,1992,32,17,Kansas,1161044,1810750
643,1992,51,18,Kentucky,NA,2772600
644,1992,45,19,Louisiana,1799596,2997301
645,1992,2,20,Maine,NA,915082
646,1992,52,21,Maryland,1999486,3440015
647,1992,3,22,Massachusetts,2822962,4346897
648,1992,23,23,Michigan,4341909,6786593
649,1992,33,24,Minnesota,2355796,3187255
650,1992,46,25,Mississippi,1008019,1854797
651,1992,34,26,Missouri,NA,3792675
652,1992,64,27,Montana,417564,593345
653,1992,35,28,Nebraska,744548,1149525
654,1992,65,29,Nevada,513387,940066
655,1992,4,30,New Hampshire,545197,814160
656,1992,12,31,New Jersey,3348312,5398559
657,1992,66,32,New Mexico,590901,1073421
658,1992,13,33,New York,7068630,12227775
659,1992,47,34,North Carolina,NA,5077494
660,1992,36,35,North Dakota,315199,462631
661,1992,24,36,Ohio,5043094,8063595
662,1992,53,37,Oklahoma,1455635,2293931
663,1992,72,38,Oregon,1498959,2144867
664,1992,14,39,Pennsylvania,NA,9010940
665,1992,5,40,Rhode Island,NA,721593
666,1992,48,41,South Carolina,1234712,2610725
667,1992,37,42,South Dakota,NA,503759
668,1992,54,43,Tennessee,NA,3726024
669,1992,49,44,Texas,NA,11356487
670,1992,67,45,Utah,784988,1162363
671,1992,6,46,Vermont,292797,419810
672,1992,40,47,Virginia,NA,4622125
673,1992,73,48,Washington,2324907,3575852
674,1992,56,49,West Virginia,NA,1365368
675,1992,25,50,Wisconsin,NA,3619273
676,1992,68,51,Wyoming,203602,324253
677,1990,0,0,United States,87078225,176629259
678,1990,41,1,Alabama,NA,2956385
679,1990,81,2,Alaska,197540,364419
680,1990,61,3,Arizona,1094735,2523614
681,1990,42,4,Arkansas,NA,1710799
682,1990,71,5,California,7899131,18156500
683,1990,62,6,Colorado,1046139,2366650
684,1990,1,7,Connecticut,1159361,2383795
685,1990,11,8,Delaware,183977,486760
686,1990,55,9,District of Columbia,171677,441742
687,1990,43,10,Florida,NA,9145312
688,1990,44,11,Georgia,NA,4588953
689,1990,82,12,Hawaii,354144,770836
690,1990,63,13,Idaho,328340,690154
691,1990,21,14,Illinois,3420720,8029525
692,1990,22,15,Indiana,1566371,4080236
693,1990,31,16,Iowa,1004908,2030935
694,1990,32,17,Kansas,805251,1783412
695,1990,51,18,Kentucky,NA,2722356
696,1990,45,19,Louisiana,NA,2959148
697,1990,2,20,Maine,NA,910982
698,1990,52,21,Maryland,1170867,3397126
699,1990,3,22,Massachusetts,2424579,4384671
700,1990,23,23,Michigan,2641649,6693069
701,1990,33,24,Minnesota,1843104,3136830
702,1990,46,25,Mississippi,NA,1824156
703,1990,34,26,Missouri,NA,3740308
704,1990,64,27,Montana,326652,573045
705,1990,35,28,Nebraska,604195,1131746
706,1990,65,29,Nevada,325959,858018
707,1990,4,30,New Hampshire,307700,814549
708,1990,12,31,New Jersey,1998894,5429251
709,1990,66,32,New Mexico,429509,1026902
710,1990,13,33,New York,4290261,12271903
711,1990,47,34,North Carolina,NA,4938968
712,1990,36,35,North Dakota,240301,461711
713,1990,24,36,Ohio,3620469,7975680
714,1990,53,37,Oklahoma,929639,2251719
715,1990,72,38,Oregon,1133125,2057833
716,1990,14,39,Pennsylvania,NA,8962083
717,1990,5,40,Rhode Island,375188,725084
718,1990,48,41,South Carolina,793614,2537384
719,1990,37,42,South Dakota,NA,494849
720,1990,54,43,Tennessee,NA,3624940
721,1990,49,44,Texas,NA,11034190
722,1990,67,45,Utah,457983,1086050
723,1990,6,46,Vermont,217384,415564
724,1990,40,47,Virginia,NA,4512504
725,1990,73,48,Washington,1362651,3421256
726,1990,56,49,West Virginia,NA,1347723
727,1990,25,50,Wisconsin,NA,3541548
728,1990,68,51,Wyoming,164309,312961
729,1988,0,0,United States,91594809,173579281
730,1988,41,1,Alabama,NA,2901744
731,1988,81,2,Alaska,203433,355023
732,1988,61,3,Arizona,1204169,2454254
733,1988,42,4,Arkansas,NA,1689491
734,1988,71,5,California,10194539,17738700
735,1988,62,6,Colorado,1416265,2327768
736,1988,1,7,Connecticut,1461962,2379699
737,1988,11,8,Delaware,254973,472441
738,1988,55,9,District of Columbia,197135,453636
739,1988,43,10,Florida,NA,8777510
740,1988,44,11,Georgia,NA,4459739
741,1988,82,12,Hawaii,368567,739890
742,1988,63,13,Idaho,421213,667345
743,1988,21,14,Illinois,4697192,7950848
744,1988,22,15,Indiana,2222811,3996319
745,1988,31,16,Iowa,1240854,2021793
746,1988,32,17,Kansas,NA,1774451
747,1988,51,18,Kentucky,NA,2680364
748,1988,45,19,Louisiana,NA,2941023
749,1988,2,20,Maine,NA,888612
750,1988,52,21,Maryland,1747350,3325582
751,1988,3,22,Massachusetts,2689857,4385728
752,1988,23,23,Michigan,3745751,6608812
753,1988,33,24,Minnesota,2125119,3087194
754,1988,46,25,Mississippi,NA,1792847
755,1988,34,26,Missouri,NA,3696905
756,1988,64,27,Montana,378981,568014
757,1988,35,28,Nebraska,678669,1125252
758,1988,65,29,Nevada,354261,768131
759,1988,4,30,New Hampshire,462503,800468
760,1988,12,31,New Jersey,3102502,5435008
761,1988,66,32,New Mexico,535694,1002876
762,1988,13,33,New York,6636310,12300666
763,1988,47,34,North Carolina,NA,4794041
764,1988,36,35,North Dakota,309100,466684
765,1988,24,36,Ohio,4505284,7869099
766,1988,53,37,Oklahoma,1192815,2245785
767,1988,72,38,Oregon,1235199,1982355
768,1988,14,39,Pennsylvania,NA,8892826
769,1988,5,40,Rhode Island,415963,721773
770,1988,48,41,South Carolina,1041846,2453644
771,1988,37,42,South Dakota,NA,494034
772,1988,54,43,Tennessee,NA,3551452
773,1988,49,44,Texas,NA,10833436
774,1988,67,45,Utah,661546,1043170
775,1988,6,46,Vermont,270148,404795
776,1988,40,47,Virginia,NA,4396900
777,1988,73,48,Washington,1923043,3282173
778,1988,56,49,West Virginia,NA,1347692
779,1988,25,50,Wisconsin,NA,3489742
780,1988,68,51,Wyoming,186417,315073
781,1986,0,0,United States,57253066,170396029
782,1986,41,1,Alabama,NA,2869652
783,1986,81,2,Alaska,182526,351841
784,1986,61,3,Arizona,889668,2319046
785,1986,42,4,Arkansas,NA,1681564
786,1986,71,5,California,7617142,17166275
787,1986,62,6,Colorado,1096867,2309652
788,1986,1,7,Connecticut,1025605,2344327
789,1986,11,8,Delaware,165563,455609
790,1986,55,9,District of Columbia,134158,465993
791,1986,43,10,Florida,NA,8384015
792,1986,44,11,Georgia,NA,4300049
793,1986,82,12,Hawaii,344416,715459
794,1986,63,13,Idaho,392909,663126
795,1986,21,14,Illinois,3322657,7912733
796,1986,22,15,Indiana,1619005,3943714
797,1986,31,16,Iowa,922094,2020678
798,1986,32,17,Kansas,NA,1757001
799,1986,51,18,Kentucky,NA,2661218
800,1986,45,19,Louisiana,NA,3014498
801,1986,2,20,Maine,NA,858200
802,1986,52,21,Maryland,1161136,3216833
803,1986,3,22,Massachusetts,1777276,4326264
804,1986,23,23,Michigan,2468009,6520661
805,1986,33,24,Minnesota,1456579,3024070
806,1986,46,25,Mississippi,NA,1782721
807,1986,34,26,Missouri,NA,3655213
808,1986,64,27,Montana,326436,572113
809,1986,35,28,Nebraska,577916,1123099
810,1986,65,29,Nevada,264365,700192
811,1986,4,30,New Hampshire,257410,760526
812,1986,12,31,New Jersey,1639330,5396487
813,1986,66,32,New Mexico,408621,987220
814,1986,13,33,New York,4481718,12263480
815,1986,47,34,North Carolina,NA,4653016
816,1986,36,35,North Dakota,295177,473962
817,1986,24,36,Ohio,3628870,7781083
818,1986,53,37,Oklahoma,934447,2290182
819,1986,72,38,Oregon,1088140,1928782
820,1986,14,39,Pennsylvania,NA,8820459
821,1986,5,40,Rhode Island,322724,711034
822,1986,48,41,South Carolina,763493,2393329
823,1986,37,42,South Dakota,NA,492333
824,1986,54,43,Tennessee,NA,3478867
825,1986,49,44,Texas,NA,10786533
826,1986,67,45,Utah,445499,1024337
827,1986,6,46,Vermont,211709,389843
828,1986,40,47,Virginia,NA,4240797
829,1986,73,48,Washington,1358160,3151152
830,1986,56,49,West Virginia,449249,1370305
831,1986,25,50,Wisconsin,NA,3432034
832,1986,68,51,Wyoming,168615,328971
833,1984,0,0,United States,92652842,167701904
834,1984,41,1,Alabama,NA,2831099
835,1984,81,2,Alaska,213173,343030
836,1984,61,3,Arizona,1051339,2151391
837,1984,42,4,Arkansas,NA,1668136
838,1984,71,5,California,9796375,16618345
839,1984,62,6,Colorado,1343437,2267668
840,1984,1,7,Connecticut,1490946,2300533
841,1984,11,8,Delaware,258182,442354
842,1984,55,9,District of Columbia,219193,471669
843,1984,43,10,Florida,NA,7976805
844,1984,44,11,Georgia,NA,4119852
845,1984,82,12,Hawaii,349253,694187
846,1984,63,13,Idaho,421935,662771
847,1984,21,14,Illinois,4969352,7922605
848,1984,22,15,Indiana,2268493,3916362
849,1984,31,16,Iowa,1339886,2057482
850,1984,32,17,Kansas,NA,1751223
851,1984,51,18,Kentucky,NA,2643027
852,1984,45,19,Louisiana,NA,3019930
853,1984,2,20,Maine,NA,840251
854,1984,52,21,Maryland,1695924,3113967
855,1984,3,22,Massachusetts,2595054,4273437
856,1984,23,23,Michigan,3884854,6407156
857,1984,33,24,Minnesota,2115317,2982015
858,1984,46,25,Mississippi,NA,1766654
859,1984,34,26,Missouri,NA,3617948
860,1984,64,27,Montana,395006,578925
861,1984,35,28,Nebraska,670781,1135012
862,1984,65,29,Nevada,294413,656862
863,1984,4,30,New Hampshire,406608,718967
864,1984,12,31,New Jersey,3215941,5318696
865,1984,66,32,New Mexico,522328,956246
866,1984,13,33,New York,7000828,12232120
867,1984,47,34,North Carolina,NA,4512013
868,1984,36,35,North Dakota,324179,482655
869,1984,24,36,Ohio,4664223,7732456
870,1984,53,37,Oklahoma,1290555,2324445
871,1984,72,38,Oregon,1265824,1906880
872,1984,14,39,Pennsylvania,NA,8790815
873,1984,5,40,Rhode Island,422851,697537
874,1984,48,41,South Carolina,1018701,2329080
875,1984,37,42,South Dakota,NA,494651
876,1984,54,43,Tennessee,NA,3415760
877,1984,49,44,Texas,NA,10582774
878,1984,67,45,Utah,641846,998820
879,1984,6,46,Vermont,235140,381479
880,1984,40,47,Virginia,NA,4100160
881,1984,73,48,Washington,1931546,3072714
882,1984,56,49,West Virginia,NA,1391427
883,1984,25,50,Wisconsin,NA,3409202
884,1984,68,51,Wyoming,196153,338733
885,1982,0,0,United States (Excl. Louisiana),60496025,160466919
886,1982,41,1,Alabama,NA,2780689
887,1982,81,2,Alaska,199458,307558
888,1982,61,3,Arizona,742923,2017098
889,1982,42,4,Arkansas,NA,1639482
890,1982,71,5,California,8064314,16161555
891,1982,62,6,Colorado,1037774,2196263
892,1982,1,7,Connecticut,1112428,2253328
893,1982,11,8,Delaware,195726,430257
894,1982,55,9,District of Columbia,NA,470719
895,1982,43,10,Florida,NA,7565499
896,1982,44,11,Georgia,NA,3945107
897,1982,82,12,Hawaii,325459,671172
898,1982,63,13,Idaho,332237,650534
899,1982,21,14,Illinois,3856875,7908220
900,1982,22,15,Indiana,1834225,3879314
901,1982,31,16,Iowa,1050495,2068844
902,1982,32,17,Kansas,NA,1736298
903,1982,51,18,Kentucky,NA,2615445
904,1982,45,19,Louisiana,NA,2982702
905,1982,2,20,Maine,NA,817814
906,1982,52,21,Maryland,1190011,3034834
907,1982,3,22,Massachusetts,2103780,4184146
908,1982,23,23,Michigan,3135928,6357552
909,1982,33,24,Minnesota,1834737,2943169
910,1982,46,25,Mississippi,NA,1743267
911,1982,34,26,Missouri,NA,3567803
912,1982,64,27,Montana,328082,569629
913,1982,35,28,Nebraska,559422,1128918
914,1982,65,29,Nevada,242578,621060
915,1982,4,30,New Hampshire,289057,686264
916,1982,12,31,New Jersey,2286925,5224732
917,1982,66,32,New Mexico,417945,919311
918,1982,13,33,New York,5437367,12118685
919,1982,47,34,North Carolina,NA,4347870
920,1982,36,35,North Dakota,272876,476851
921,1982,24,36,Ohio,3551995,7692059
922,1982,53,37,Oklahoma,901488,2302670
923,1982,72,38,Oregon,1063913,1895706
924,1982,14,39,Pennsylvania,NA,8749931
925,1982,5,40,Rhode Island,370928,684977
926,1982,48,41,South Carolina,688300,2260577
927,1982,37,42,South Dakota,NA,489474
928,1982,54,43,Tennessee,NA,3357236
929,1982,49,44,Texas,NA,10228820
930,1982,67,45,Utah,537207,962724
931,1982,6,46,Vermont,172084,372982
932,1982,40,47,Virginia,NA,3960296
933,1982,73,48,Washington,1404831,2999997
934,1982,56,49,West Virginia,NA,1399303
935,1982,25,50,Wisconsin,NA,3372875
936,1982,68,51,Wyoming,172065,344218
937,1980,0,0,United States,86515221,159635102
938,1980,41,1,Alabama,NA,2726249
939,1980,81,2,Alaska,162653,270122
940,1980,61,3,Arizona,898183,1890167
941,1980,42,4,Arkansas,NA,1610104
942,1980,71,5,California,8775459,15610966
943,1980,62,6,Colorado,1225549,2071959
944,1980,1,7,Connecticut,1423403,2201356
945,1980,11,8,Delaware,239136,421344
946,1980,55,9,District of Columbia,178434,470956
947,1980,43,10,Florida,NA,7088658
948,1980,44,11,Georgia,NA,3791652
949,1980,82,12,Hawaii,318026,646583
950,1980,63,13,Idaho,446045,633624
951,1980,21,14,Illinois,4868890,7868300
952,1980,22,15,Indiana,2275433,3846321
953,1980,31,16,Iowa,1314258,2070935
954,1980,32,17,Kansas,NA,1704420
955,1980,51,18,Kentucky,NA,2562572
956,1980,45,19,Louisiana,NA,2868792
957,1980,2,20,Maine,NA,799746
958,1980,52,21,Maryland,1557709,2964704
959,1980,3,22,Massachusetts,2566807,4110721
960,1980,23,23,Michigan,3978647,6374955
961,1980,33,24,Minnesota,2079451,2882406
962,1980,46,25,Mississippi,NA,1704163
963,1980,34,26,Missouri,NA,3529489
964,1980,64,27,Montana,371976,554636
965,1980,35,28,Nebraska,651281,1115142
966,1980,65,29,Nevada,297318,573118
967,1980,4,30,New Hampshire,402415,660560
968,1980,12,31,New Jersey,2999879,5123773
969,1980,66,32,New Mexico,464848,873515
970,1980,13,33,New York,6359218,12006100
971,1980,47,34,North Carolina,NA,4203817
972,1980,36,35,North Dakota,314525,462223
973,1980,24,36,Ohio,4378937,7637813
974,1980,53,37,Oklahoma,1172303,2162051
975,1980,72,38,Oregon,1209691,1880863
976,1980,14,39,Pennsylvania,NA,8664166
977,1980,5,40,Rhode Island,423349,675067
978,1980,48,41,South Carolina,922397,2176721
979,1980,37,42,South Dakota,NA,484328
980,1980,54,43,Tennessee,NA,3285608
981,1980,49,44,Texas,NA,9572904
982,1980,67,45,Utah,609691,915484
983,1980,6,46,Vermont,215500,363143
984,1980,40,47,Virginia,NA,3830887
985,1980,73,48,Washington,1772904,2923670
986,1980,56,49,West Virginia,742150,1387231
987,1980,25,50,Wisconsin,NA,3322053
988,1980,68,51,Wyoming,181004,326644
989,2016,0,52,West,30877982,51320917
990,2016,0,53,South,50362476,85213775
991,2016,0,54,Midwest,32108585,49653354
992,2016,0,55,Northeast,25282216,40233477
993,2014,0,52,West,17573192,48212384
994,2014,0,53,South,24905751,63967498
995,2014,0,54,Midwest,20449598,49482739
996,2014,0,55,Northeast,14348491,40080240
997,2012,0,52,West,28095138,48260162
998,2012,0,53,South,33285934,54299038
999,2012,0,54,Midwest,25577825,40229955
1000,2012,0,55,Northeast,17302577,29147949
1001,2010,0,52,West,21832325,46798632
1002,2010,0,53,South,29975517,76614171
1003,2010,0,54,Midwest,22173558,48318392
1004,2010,0,55,Northeast,16126025,39032153
1005,2008,0,52,West,28382216,45298271
1006,2008,0,53,South,37636202,59903171
1007,2008,0,54,Midwest,32394150,47843210
1008,2008,0,55,Northeast,23072639,36070741
1009,2006,0,52,West,18913852,43866737
1010,2006,0,53,South,20217130,51950694
1011,2006,0,54,Midwest,23028383,47411195
1012,2006,0,55,Northeast,11500156,27777765
1013,2004,0,52,West,26120351,42582426
1014,2004,0,53,South,32323885,54106665
1015,2004,0,54,Midwest,31323564,46942327
1016,2004,0,55,Northeast,17811321,28542764
1017,2002,0,52,West,16667041,41294269
1018,2002,0,53,South,15600831,39705378
1019,2002,0,54,Midwest,14259792,33571914
1020,2002,0,55,Northeast,11186228,27249989
1021,2000,0,52,West,20607341,36675039
1022,2000,0,53,South,29951545,56996296
1023,2000,0,54,Midwest,21126478,35908829
1024,2000,0,55,Northeast,15751578,26960408
1025,1998,0,52,West,15762500,35701825
1026,1998,0,53,South,12335806,34221146
1027,1998,0,54,Midwest,16725659,37449118
1028,1998,0,55,Northeast,10706875,26587532
1029,1996,0,52,West,18882891,34535834
1030,1996,0,53,South,18847040,37124748
1031,1996,0,54,Midwest,20988442,37126538
1032,1996,0,55,Northeast,14330432,25645586
1033,1994,0,52,West,17196700,36325513
1034,1994,0,53,South,10866876,28358367
1035,1994,0,54,Midwest,16352712,36720318
1036,1994,0,55,Northeast,11388824,25530148
1037,1992,0,52,West,21958349,35361156
1038,1992,0,53,South,13458341,23629367
1039,1992,0,54,Midwest,22834715,35794617
1040,1992,0,55,Northeast,15723507,25564138
1041,1990,0,52,West,15120217,34208238
1042,1990,0,53,South,3249774,9114731
1043,1990,0,54,Midwest,15746968,35323144
1044,1990,0,55,Northeast,10773367,26424817
1045,1988,0,52,West,19083327,33244772
1046,1988,0,53,South,4434119,8951088
1047,1988,0,54,Midwest,19524780,33126001
1048,1988,0,55,Northeast,15039245,26428137
1049,1986,0,52,West,14583364,32218166
1050,1986,0,53,South,3608046,10192251
1051,1986,0,54,Midwest,14290307,32800000
1052,1986,0,55,Northeast,9715772,26191961
1053,1984,0,52,West,18422628,31246572
1054,1984,0,53,South,4482555,8681515
1055,1984,0,54,Midwest,20237085,32635743
1056,1984,0,55,Northeast,15367368,25922769
1057,1982,0,52,West,14868786,30316825
1058,1982,0,53,South,2975525,8028338
1059,1982,0,54,Midwest,16096553,32454927
1060,1982,0,55,Northeast,11772569,25525114
1061,1980,0,52,West,16733347,29171351
1062,1980,0,53,South,4812129,9583007
1063,1980,0,54,Midwest,19861422,32258095
1064,1980,0,55,Northeast,14390571,25140720
